,uniqueID,date,construct,cell,protocol,sweep,velocity,kcant,dkcant,osm,Rs,Rscomp,Cm,seal,vhold,vstep,peaki,tpeaki,peakf,tpeakf,peakw,tpeakw,wpeakf,leak,offset,stdev,delay,thresh,threshind,fthresh,wthresh,slope,inv_slope,g,i,workres
0,20190808-1-scan-80,20190808,mp1,1,scan-80,3,40,0.74,0.04,346,5.7,50,27.66,1.848637363,-80.01691792,-80.01472152,140.8360883,657.8,383.0153866,649.805,463.813563,749.205,399.678124,-43.28426955,0.691018882,3.696340072,7.995,19.17271924,4731,310.4186422,286.8037566,0.884,1.131221719,3.00E-11,-2.400441646,2.715431726
1,20190808-3-scan-80,20190808,mp1,3,scan-80,4,40,0.74,0.04,330,7.6,50,20.44,2.259951552,-80.01927735,-80.0175188,547.7027634,655.24,264.4374608,650.085,351.967517,747.645,322.0369962,-35.40751893,0.816264757,3.536284755,5.155,18.49768853,4487,163.790213,174.5225043,6.132,0.16307893,3.00E-11,-2.400525564,0.391475141
2,20190815-1-scan-80,20190815,mp1,1,scan-80,10,40,0.9,0.05,320,5.698,60,22.03,1.299737669,-80.02815359,-80.02547123,86.92371392,661.64,386.9970024,650.365,386.4279565,742.685,349.6059652,-61.57254308,-0.9591538,2.656390589,11.275,14.24110675,4963,376.4737154,332.7812022,0.365,2.739726027,3.00E-11,-2.400764137,6.577435992
3,20190815-2-scan-80,20190815,mp1,2,scan-80,6,40,0.9,0.05,321,5.5,40,36.3,0.291107851,-80.02405878,-80.02314094,1582.745825,663.68,424.7347508,650.365,388.6885738,741.365,346.2613821,-274.8948835,-1.931370543,5.093907714,13.315,27.40090911,4827,350.4220462,271.2318509,6.841,0.146177459,3.00E-11,-2.400694228,0.350927383
4,20190815-3-scan-80,20190815,mp1,3,scan-80,8,40,0.97,0.05,0,6.4,50,25.14,1.256248006,-80.02543204,-80.02431983,1154.142332,666.92,465.6723592,650.325,379.370352,745.725,337.1734206,-63.70193757,-0.435234466,4.602487075,16.595,23.44766984,4828,372.8213818,263.5559048,5.61,0.178253119,3.00E-11,-2.400729595,0.427937539
5,20190820-4-scan-80,20190820,mp1,4,scan-80,6,40,0.86,0.05,317,7.2,50,21.72,0.844094125,-80.01827863,-80.01738644,151.1334881,656.8,182.2795038,649.805,257.38567,750.085,245.4269108,-94.79781496,2.453720358,7.007322179,6.995,37.49033125,4897,168.0947423,220.3717241,1.174,0.851788756,3.00E-11,-2.400521593,2.044737303
6,20191126-2-scan-80,20191126,mp1,2,scan-80,19,40,0.74,0.04,345,6.742,5,22.8,1.992069731,-80.01077572,-80.00873471,121.3312816,659.04,389.0485733,650.485,254.1443177,737.005,225.9574953,-40.16464608,0.225804944,2.60811857,8.555,13.26639779,4609,199.3658036,122.2293726,0.755,1.324503311,3.00E-11,-2.400262041,3.179155022
7,20191206-1-scan-80,20191206,mp1,1,scan-80,18,40,0.58,0.03,342,5.982,60,25.14,1.970677684,-80.00032652,-79.9976028,275.2716891,661.32,425.8600388,650.485,377.2688125,748.765,347.9360462,-40.59533793,-2.64427934,4.292871284,10.835,24.10863576,4785,356.3278265,261.5395364,1.231,0.812347685,3.00E-11,-2.399928084,1.949576023
8,20191206-3-scan-80,20191206,mp1,3,scan-80,10,40,0.58,0.03,326,4.923,55,20.29,7.568390428,-79.99811685,-79.99695597,960.3429863,663.24,261.6244174,650.205,229.1007312,744.645,196.5480806,-10.57003039,-0.996974142,3.829026929,13.035,20.14210879,4763,191.4771087,139.1434833,8.548,0.11698643,3.00E-11,-2.399908679,0.280756748
9,20191213-1-scan-80,20191213,mp1,1,scan-80,1,40,0.63,0.04,327,8.24,40,20.1,0.951020459,-80.00564482,-80.00285033,536.483239,657.52,236.7239787,649.845,228.8051842,741.685,203.947635,-84.12610271,14.4498518,5.266282142,7.675,40.78126251,4869,199.4058139,172.4818081,6.402,0.156201187,3.00E-11,-2.40008551,0.374896206
10,20191213-2-scan-80,20191213,mp1,2,scan-80,16,40,0.63,0.04,341,9.002,50,30.15,6.10486233,-80.00621908,-80.00321249,34.14348171,631.44,665.20999,650.685,532.9900131,749.005,505.7931716,-13.10532732,0.329170617,3.724362511,-19.245,18.95098317,4533,475.8142073,245.8155823,0.009,111.1111111,3.00E-11,-2.400096375,266.677375
11,20191216-1-scan-80,20191216,mp1,1,scan-80,1,40,7.62,0.44,322,5.929,50,16.35,1.118250759,-80.0194771,-80.01739394,646.1742072,653.28,427.4114291,649.805,574.8028764,744.725,565.921726,-71.55772217,0.106835727,11.9780376,3.475,59.99702371,4704,294.2182715,405.0678538,1.997,0.500751127,3.00E-11,-2.400521818,1.202064005
12,20191218-2-scan-80,20191218,mp1,2,scan-80,4,40,0.73,0.04,313,5.34,50,18.21,9.323291262,-80.02320974,-80.02114784,586.7768332,657.04,210.027658,649.965,218.5373535,747.285,195.5745462,-8.583150251,-0.566299335,3.582500957,7.075,18.47880412,4706,144.8729616,128.4836948,6.3,0.158730159,3.00E-11,-2.400634435,0.381053085
13,20191218-3-scan-80,20191218,mp1,3,scan-80,10,40,0.73,0.04,318,6.246,50,20.86,1.904525348,-80.02036349,-80.01911477,1410.759991,659.68,276.4638193,650.205,256.7055066,747.005,227.7732357,-42.01590888,-0.668616468,5.14508511,9.475,26.39404202,4694,174.6466398,151.5392312,16.394,0.060997926,3.00E-11,-2.400573443,0.146430001
14,20191221-1-scan-80,20191221,mp1,1,scan-80,13,40,0.62,0.04,319,7.572,40,16.9,0.299351397,-80.01206158,-80.01020086,219.2654999,653.68,450.676913,650.485,411.0128408,913.885,225.3134273,-267.2847446,7.944460315,5.508846384,3.195,35.48869223,4793,318.2373161,181.9382246,3.313,0.301841232,3.00E-11,-2.400306026,0.724511327
15,20200115-1-scan-80,20200115,mp1,1,scan-80,8,40,7.34,0.43,0,5.668,45,22.56,0.772522484,-80.01108784,-80.00808284,556.8496199,651.36,1152.909902,650.085,1329.238542,806.885,1182.670791,-103.5712092,0.563464461,9.120114026,1.275,46.16403459,4712,789.4899968,780.9152827,2.242,0.44603033,3.00E-11,-2.400242485,1.070580948
16,20200120-2-scan-80,20200120,mp1,2,scan-80,10,40,7.59,0.44,325,4.221,50,22.07,1.064350418,-80.01473314,-80.01319792,293.3136522,653.08,410.8021552,650.125,438.4404723,737.805,428.4375564,-75.17705802,-0.559591506,4.155605481,2.955,21.33761891,4820,295.4058376,335.2212595,1.396,0.716332378,3.00E-11,-2.400395938,1.719481331
17,20190816-1-scan-80,20190816,mp2,1,scan-80,14,40,0.82,0.05,320,11.6,30,27.59,0.473942456,-80.01298542,-80.01202161,166.5422779,649.8,308.2138147,650.045,406.7216673,740.525,372.7531902,-168.8242622,-4.550813007,6.807958054,-0.245,38.59060328,4652,222.6537333,253.8496179,1.446,0.691562932,2.40E-11,-1.920288519,1.328000359
18,20190816-2-scan-80,20190816,mp2,2,scan-80,4,40,0.82,0.05,330,5.5,55,24.42,1.288324406,-80.02010128,-80.01832806,1223.230846,650.92,210.0261838,649.605,170.637201,742.685,149.4531075,-62.11176388,4.34478494,4.520867972,1.315,26.9491248,4447,67.11493047,61.65247736,18.343,0.054516709,2.40E-11,-1.920439873,0.104696062
19,20190816-3-scan-80,20190816,mp2,3,scan-80,13,40,0.82,0.05,324,10.4,40,32.84,0.925525867,-80.01769184,-80.01869022,1096.513704,652.44,566.9383832,650.525,510.156238,748.445,432.8026391,-86.45646187,2.800247569,4.8442454,1.915,27.02147457,4189,179.8350077,135.2236002,4.293,0.23293734,2.40E-11,-1.920448565,0.44734418
20,20190816-4-scan-80,20190816,mp2,4,scan-80,9,40,0.82,0.05,0,5.1,60,32.17,1.243064521,-80.02370922,-80.02425489,371.8628385,651.88,330.725644,650.485,283.053846,743.205,249.1545969,-64.3761509,-1.381683643,4.785008383,1.395,25.30672556,4795,252.506742,183.128933,5.22,0.191570881,2.40E-11,-1.920582117,0.367927609
21,20190826-2-scan-80,20190826,mp2,2,scan-80,9,40,0.85,0.05,321,5.4,60,19.26,2.525053405,-80.02228604,-80.02063833,122.6172834,649.72,136.9913453,650.125,154.7481392,736.485,147.0162917,-31.69132418,0.502312325,3.96581358,-0.405,20.33138022,4387,61.49548606,59.75454585,0.854,1.170960187,2.40E-11,-1.92049532,2.24882356
22,20190826-3-scan-80,20190826,mp2,3,scan-80,3,40,0.85,0.05,321,8.5,50,19.96,2.33604896,-80.02377162,-80.02163484,720.1624385,651,168.9317189,650.245,183.6611031,748.325,173.2822934,-34.25603358,-0.727796637,3.332235497,0.755,17.38897412,4435,73.16086261,84.73215372,11.062,0.090399566,2.40E-11,-1.920519236,0.173614106
23,20190903-1-scan-80,20190903,mp2,1,scan-80,13,40,0.9,0.06,319,8.7,60,22.34,1.649511901,-80.01056349,-80.00811534,1097.778025,651.8,216.9662558,650.285,224.0806334,746.765,207.0064241,-48.5055994,-2.191163996,4.763690826,1.515,26.00961812,4479,109.7175293,96.63549323,12.755,0.078400627,2.40E-11,-1.920194768,0.150544474
24,20190903-2-scan-80,20190903,mp2,2,scan-80,11,40,0.9,0.06,0,5.2,50,18.64,1.242685566,-80.00887816,-80.00567765,389.9171936,649.88,202.3811588,649.965,252.2907132,749.885,235.6675925,-64.38384765,1.628135626,4.159971617,-0.085,22.42799371,4366,101.8024122,100.0726862,3.401,0.294031167,2.40E-11,-1.920136264,0.564579907
25,20190904-1-scan-80,20190904,mp2,1,scan-80,4,40,0.83,0.05,325,6,50,18.7,1.642731046,-80.00767962,-80.00613222,1609.754084,651.16,281.7783231,650.205,295.3936837,749.205,265.0334764,-48.70406498,0.291666421,3.634478047,0.955,18.46405666,4200,84.34429439,79.70419791,11.14,0.089766607,2.40E-11,-1.920147173,0.172365096
26,20190904-2-scan-80,20190904,mp2,2,scan-80,8,40,0.83,0.05,325,6.7,55,29.35,1.552841955,-80.01187435,-80.01000354,844.5763245,651.84,466.8947976,650.445,554.7092639,745.405,492.3459133,-51.52609002,1.0120758,4.050491627,1.395,21.26453393,3867,118.2632286,108.0711085,2.776,0.360230548,2.40E-11,-1.920240085,0.691729137
27,20190904-3-scan-80,20190904,mp2,3,scan-80,3,40,0.83,0.05,333,6.6,60,36.91,1.377599529,-80.0098145,-80.00850243,378.0348525,649.32,531.6811698,649.965,626.9758804,749.925,551.3954191,-58.07915351,-0.648932283,5.792783299,-0.645,29.61284878,3986,168.0821409,153.2281033,0.974,1.026694045,2.40E-11,-1.920204058,1.971462072
28,20190904-4-scan-80,20190904,mp2,4,scan-80,5,40,0.83,0.05,320,8.4,50,30.57,1.535989742,-80.01365955,-80.01166441,319.9605364,652.96,456.9715954,650.205,640.0807945,745.965,561.0215254,-52.09257414,-0.636661995,4.368581055,2.755,22.47956727,4315,250.4914891,267.3789401,0.901,1.109877913,2.40E-11,-1.920279946,2.131276299
29,20190904-5-scan-80,20190904,mp2,5,scan-80,7,40,0.83,0.05,319,9.3,50,24.91,2.038501941,-80.01076318,-80.00757583,535.7357186,650.04,425.126728,650.165,427.3584188,703.565,384.7126713,-39.24978512,-4.994353166,5.158999871,-0.125,30.78935252,4295,163.2440691,162.5381983,3.443,0.29044438,2.40E-11,-1.92018182,0.557706018
30,20190813-2-scan-80,20190813,mscl,2,scan-80,7,40,8.09,0.5,0,8,30,68.12,0.743990454,-80.02810356,-80.02679248,271.7369147,650.6,1023.854408,650.245,1425.436617,739.325,1386.194043,-107.5660355,-7.366668267,8.238447005,0.355,48.55890329,4905,918.9605948,1254.834657,1.68,0.595238095,0.000000002,-160.053585,95.26999105
31,20190911-1-scan-80,20190911,mscl,1,scan-80,6,40,8.2,0.5,325,6.9,50,21.48,0.635784746,-80.00380965,-80.0029403,1248.005633,650.28,1732.544825,650.165,2078.600435,746.525,1940.060475,-125.8347423,-7.053394068,12.79926922,0.115,71.04974018,4450,987.2723574,876.2122293,3.795,0.263504611,0.000000002,-160.0058806,42.16228738
32,20191009-1-scan-80,20191009,mscl,1,scan-80,6,40,6.16,0.5,304,4.7,55,27.14,1.414754718,-80.00608163,-80.00424401,26.69669838,468.96,476.0555992,649.965,640.5392203,741.965,628.6421323,-56.55120325,-1.171711984,5.112033895,-181.005,26.73188146,0,,,-0.013,-76.92307692,0.000000002,-160.008488,12308.34523
33,20191010-1-scan-80,20191010,mscl,1,scan-80,7,40,4.24,0.5,328,11.3,40,25.25,1.105077008,-80.00877819,-80.0070613,59.97058078,726.12,490.8218454,650.085,634.1456008,743.045,615.8536729,-72.40108842,-1.184786018,4.616787636,76.035,24.2687242,6862,299.4005841,633.783556,-0.01,-100,0.000000002,-160.0141226,16001.41226
34,20191107-3-scan-80,20191107,mscl,3,scan-80,2,40,5.92,0.5,324,7.4,40,31,0.648577073,-80.00423409,-80.00228836,973.8688406,651.2,948.0006823,650.525,865.592128,706.245,817.6577172,-123.3534724,-2.703951132,12.56362508,0.675,65.52207651,4855,700.2649525,662.5621014,28.133,0.035545445,0.000000002,-160.0045767,5.687433858
35,20191111-2-scan-80,20191111,mscl,2,scan-80,7,40,4.33,0.5,326,5.2,50,21.43,0.534407518,-79.99560754,-79.99287234,26.18029471,529.36,821.8912295,650.165,494.1694785,729.085,446.2035603,-149.6902734,-4.602299552,6.202809912,-120.805,35.61634911,0,,,0.022,45.45454545,0.000000002,-159.9857447,7272.079304
36,20191119-2-scan-80,20191119,mscl,2,scan-80,11,40,5.79,0.34,324,5.297,45,26.46,0.11155024,-80.00191207,-80.00047512,428.913319,649.72,447.5509941,649.965,494.1260676,724.805,483.5239021,-717.182788,4.753907668,39.90689852,-0.245,204.2884003,4973,428.9376429,467.2897881,17.493,0.057165723,0.000000002,-160.0009502,9.14657007
37,20191119-3-scan-80,20191119,mscl,3,scan-80,7,40,5.79,0.34,323,13.5,40,19.57,0.164396107,-80.00301061,-80.00128186,680.1352741,650.72,451.5550586,650.205,502.4599048,745.405,491.5570919,-486.6478409,13.48306221,15.15427995,0.515,89.25446196,4738,270.7162561,354.8579837,4.012,0.249252243,0.000000002,-160.0025637,39.88099794
38,20191119-7-scan-80,20191119,mscl,7,scan-80,12,40,7.01,0.41,329,5.549,55,31.53,2.395839036,-80.00736752,-80.00609723,25.10422547,568.84,802.5892088,649.965,757.378548,786.325,708.2390127,-33.3943,-0.540995486,4.558627108,-81.125,23.33413103,2970,46.53289207,56.18597596,0.001,1000,0.000000002,-160.0121945,160012.1945
39,20191119-8-scan-80,20191119,mscl,8,scan-80,13,40,7.01,0.41,329,10.27,40,28.08,0.893237924,-80.00693056,-80.00401923,111.1128799,650.76,1184.438821,650.245,760.7841563,699.965,699.4926356,-89.56956302,-6.621257317,7.423694199,0.515,43.73972831,4916,955.872773,592.463628,0.525,1.904761905,0.000000002,-160.0080385,304.7772161
40,20191120-7-scan-80,20191120,mscl,7,scan-80,13,40,4.48,0.26,328,11.68,30,23.63,0.769753742,-80.0057821,-80.00432895,339.9269531,651.48,515.9781463,649.805,363.1857224,748.965,332.2040997,-103.9368537,9.41635497,10.03821136,1.675,59.60741178,4877,390.0820135,258.5517097,2.849,0.351000351,0.000000002,-160.0086579,56.16309509
41,20191204-2-scan-80,20191204,mscl,2,scan-80,12,40,8.42,0.5,332,5.629,50,24.2,1.919919147,-80.01023894,-80.00907191,1276.980543,650.76,611.7847628,649.805,494.4416589,746.885,476.063332,-41.67375438,0.102060748,7.062094445,0.955,35.41253297,4770,390.4373439,310.3543728,17.493,0.057165723,0.000000002,-160.0181438,9.147552954
42,20191204-5-scan-80,20191204,mscl,5,scan-80,11,40,8.42,0.5,347,5.595,50,21.98,1.185326117,-80.00930266,-80.00855741,33.81317194,886.84,752.675266,650.245,529.772597,792.645,498.6700502,-67.49982263,6.555615677,5.994586063,236.595,36.52854599,0,,,0.026,38.46153846,0.000000002,-160.0171148,6154.504416
43,20200122-1-scan-80,20200122,mscl,1,scan-80,11,40,9.52,0.57,336,6.331,50,25.55,0.454772887,-79.9832106,-79.98113082,1872.073413,646.04,1097.064945,650.325,1064.151722,738.045,1012.344537,-175.8750641,4.429596251,13.88167859,-4.285,73.8379892,4621,596.4175721,546.2785442,19.158,0.052197515,0.000000002,-159.9622616,8.349632615
44,20200122-3-scan-80,20200122,mscl,3,scan-80,6,40,9.52,0.57,325,6.674,40,46.37,0.31696338,-80.00529526,-80.00312257,877.0597223,698.48,781.8869164,649.965,1061.137517,797.125,954.0330892,-252.4117937,20.7636075,13.65295485,,89.02838176,4743,545.919711,700.4730641,2.549,0.39231071,0.000000002,-160.0062451,62.77216365
45,20190917-1-scan-80,20190917,mtraak,1,scan-80,5,40,0.82,0.05,332,8.8,20,33.44,0,-0.170166549,-0.169366771,325.3796445,651,293.7447249,650.485,254.5789126,747.285,225.2906743,192.2323088,-1.906121936,4.252110894,0.515,23.16667641,4391,97.04570169,92.82667026,2.79,0.358422939,6.50E-11,-2.58899116,0.927953821
46,20190918-1-scan-80,20190918,mtraak,1,scan-80,7,40,0.86,0.05,0,6.8,40,19.78,0,-0.171265204,-0.170740528,2005.249228,651,663.4532094,650.285,791.7963918,747.885,647.3074165,50.32403858,-1.771605643,4.89757288,0.715,26.25947004,3807,180.1841631,139.492061,7.388,0.135354629,6.50E-11,-2.588901866,0.350419852
47,20190918-2-scan-80,20190918,mtraak,2,scan-80,9,40,0.86,0.05,318,3.2,40,23.84,0,-0.171964347,-0.171057741,577.6878333,651.16,395.6374412,649.805,534.8535858,744.645,466.2851827,302.6024518,-8.403233915,9.837494433,1.355,57.59070608,3663,91.29408232,75.18686258,1.177,0.849617672,6.50E-11,-2.588881247,2.199559258
48,20190918-3-scan-80,20190918,mtraak,3,scan-80,11,40,0.75,0.04,321,6.7,55,19.85,0,-0.170154065,-0.169206916,761.3216792,645.36,132.8968701,645.005,213.2204831,748.405,182.1294744,12.22132821,-4.083793577,4.017872999,0.355,24.17315857,4331,74.9404957,101.0938374,9.573,0.104460462,6.50E-11,-2.58900155,0.270448297
49,20191001-1-scan-80,20191001,mtraak,1,scan-80,6,40,1.03,0.06,316,4.08,0,30.07,0,-0.178855905,-0.177192191,654.8961006,650.36,316.8146652,650.405,473.8033011,745.805,443.9853977,354.7659204,-6.523900841,12.04053321,-0.045,66.72656691,3642,76.45197705,83.62343666,1.613,0.619962802,6.50E-11,-2.588482508,1.604762869
50,20191001-2-scan-80,20191001,mtraak,2,scan-80,6,40,1.03,0.06,318,4.9,0,27.8,0,-0.180741095,-0.177816626,121.9240174,650.96,374.1810121,649.805,491.9519929,742.125,444.8974658,279.5033739,-25.50198408,7.014113631,1.155,60.57255223,4720,298.1272616,324.5881783,0.396,2.525252525,6.50E-11,-2.588441919,6.536469493
51,20191002-2-scan-80,20191002,mtraak,2,scan-80,3,40,1.15,0.07,322,4.7,50,35.03,0,-0.184910987,-0.183648849,676.9903426,650.64,416.6314162,649.805,476.7890913,749.805,411.2276082,429.8567154,-27.71407694,12.79950076,0.835,91.71158072,4361,182.1410715,174.0254468,2.421,0.413052458,6.50E-11,-2.588062825,1.06900571
52,20191003-1-scan-80,20191003,mtraak,1,scan-80,4,40,1.09,0.07,314,3.5,55,25.92,0,-0.178094338,-0.176790055,191.625006,650.64,475.3378543,649.805,704.2943833,746.005,616.671457,200.1151066,-5.6249062,10.50575276,0.835,58.15367001,4626,356.6243204,419.2839771,0.377,2.652519894,6.50E-11,-2.588508646,6.86607068
53,20191003-2-scan-80,20191003,mtraak,2,scan-80,3,40,1.09,0.07,319,7.1,50,25.6,0,-0.174686013,-0.174267337,210.2956353,651.36,253.7118945,649.805,338.8321248,745.805,312.1061419,349.1902668,-30.17178123,8.458790468,1.555,72.46573357,4660,188.6574746,209.0465982,0.977,1.023541453,6.50E-11,-2.588672623,2.649613739
54,20191003-3-scan-80,20191003,mtraak,3,scan-80,12,40,1.09,0.07,328,3.9,60,26.59,0,-0.178643665,-0.176128154,65.00230846,902.96,633.4699694,650.205,593.5674397,746.125,467.1403967,253.9975446,-10.06674407,8.191959635,252.755,51.02654225,11321,0.679876872,542.5408725,-0.017,-58.82352941,6.50E-11,-2.58855167,152.2677453
55,20191003-4-scan-80,20191003,mtraak,4,scan-80,8,40,1.09,0.07,319,6,50,27.11,0,-0.181290422,-0.178296192,114.10102,917.84,301.4647618,650.165,409.7859029,746.045,379.4397338,361.3447732,-33.91497884,11.52577037,267.675,91.54383071,11693,-1.086549044,285.8247357,0.061,16.39344262,6.50E-11,-2.588410748,42.43296307
56,20191016-1-scan-80,20191016,mtraak,1,scan-80,11,40,1.05,0.07,318,6.4,40,24.91,0,-0.164286253,-0.164006621,379.6394958,652,240.6208879,650.445,208.1012898,749.805,191.291864,228.6576946,-16.2967916,9.611369842,1.555,64.35364081,4709,139.2432376,122.0557776,3.364,0.297265161,6.50E-11,-2.58933957,0.769720443
57,20191016-2-scan-80,20191016,mtraak,2,scan-80,7,40,1.05,0.07,318,6.9,50,23.09,0,-0.164211345,-0.163744358,194.9923195,650.44,153.1967528,649.805,168.6565217,740.765,159.9400223,309.8074381,-1.100792048,10.12373635,0.635,51.71947382,4691,99.552628,105.8947784,1.658,0.603136309,6.50E-11,-2.589356617,1.561734992
58,20191016-3-scan-80,20191016,mtraak,3,scan-80,13,40,1.05,0.07,318,3.6,45,30.49,0,-0.165721994,-0.163824286,266.1976568,646.88,141.2587514,649.805,203.2526843,748.245,196.4612346,665.0913891,-32.23669114,12.47418045,-2.925,94.60759338,4588,93.12111807,124.8240749,1.741,0.574382539,6.50E-11,-2.589351421,1.487278243
59,20191016-4-scan-80,20191016,mtraak,4,scan-80,15,40,1.05,0.07,318,6.4,40,26.34,0,-0.159554549,-0.157500008,262.3069149,651.08,283.1235692,649.965,380.9258353,746.805,358.523821,356.4899877,19.95750585,7.551263784,1.115,57.71382477,4111,108.4908552,125.8070464,0.702,1.424501425,6.50E-11,-2.589762499,3.68912037
60,20191016-5-scan-80,20191016,mtraak,5,scan-80,7,40,1.05,0.07,323,3.3,50,27.87,0,-0.158480865,-0.157822216,253.5587941,650.44,298.2682333,650.125,338.2805043,746.005,305.1135427,166.118138,-33.01777679,8.731160634,0.315,76.67357996,4740,223.1905339,217.5152494,1.317,0.759301443,6.50E-11,-2.589741556,1.9663945
61,20191016-6-scan-80,20191016,mtraak,6,scan-80,8,40,1.05,0.07,321,5.4,60,18.86,0,-0.163225053,-0.161234129,209.2921584,651.2,168.621567,649.845,194.2881696,745.765,188.087941,194.0101776,-9.098122955,7.402154986,1.355,46.10889788,4612,95.16872821,118.1065317,1.787,0.55959709,6.50E-11,-2.589519782,1.449087735
62,20191016-7-scan-80,20191016,mtraak,7,scan-80,10,40,1.05,0.07,321,9.9,30,26.34,0,-0.154535698,-0.153248854,233.3182996,650.32,340.5651861,650.125,373.1917927,746.885,330.3309338,200.2332562,-17.08154883,6.72421712,0.195,50.70263443,4611,212.1476984,192.7116063,0.862,1.160092807,6.50E-11,-2.590038824,3.004685411
63,20191211-1-scan-80,20191211,mtraak,1,scan-80,6,40,0.61,0.04,338,7.647,50,16.13,0,-0.162388578,-0.16118917,411.7360124,658.24,108.3058428,649.805,101.5896784,740.245,94.2761283,980.4163806,17.07715346,21.40911888,8.435,124.1227479,4528,53.77063991,42.49598835,3.368,0.296912114,6.50E-11,-2.589522704,0.76886066
64,20191213-3-scan-80,20191213,mtraak,3,scan-80,9,40,0.63,0.04,319,9.477,50,18.49,0,-0.172176587,-0.171844529,207.8688257,655.96,680.6790301,650.845,399.6248974,747.805,347.3448715,121.6228582,2.957983782,5.605134685,5.115,30.98365721,4638,465.4975596,208.4391447,0.807,1.239157373,6.50E-11,-2.588830106,3.207967913
65,20191213-4-scan-80,20191213,mtraak,4,scan-80,3,40,0.63,0.04,317,11.23,40,21.47,0,-0.173387604,-0.170630628,271.9079529,653.92,122.6458255,650.205,126.1210269,749.725,119.2546443,290.6403883,-2.112290887,6.462697413,3.715,34.42577795,4343,46.2578098,43.43597221,2.252,0.444049734,6.50E-11,-2.588909009,1.149604356
66,20191105-1-scan-80,20191105,mtrek1,1,scan-80,10,40,0.77,0.04,325,3.9,55,25.31,0,0.00061941,0.002135996,240.998871,655.4,184.8920006,649.805,195.486737,745.445,177.8740618,540.9813873,-19.66219636,20.29305064,5.595,121.1274496,4958,177.4856421,168.7196765,0.735,1.360544218,9.00E-11,-3.60019224,4.898220734
67,20191105-2-scan-80,20191105,mtrek1,2,scan-80,8,40,0.77,0.04,323,4.7,50,21.1,0,0.000707811,0.000811556,562.5247698,654.48,94.90910554,650.245,111.5807473,749.125,107.3960188,1610.701718,25.15019986,29.93648198,4.235,174.8326098,4448,39.23063187,56.24649585,5.858,0.170706726,9.00E-11,-3.60007304,0.614556681
68,20191213-5-scan-80,20191213,mtrek1,5,scan-80,2,40,0.63,0.04,324,5.967,50,21.39,0.2618,-0.181914658,-0.181186078,746.4089718,658.84,116.6139496,649.805,119.2654853,747.725,110.4962828,1287.914849,32.47227492,26.30456243,9.035,163.9950871,4134,29.89656775,29.53114883,7.348,0.136091453,9.00E-11,-3.583693253,0.487710024
69,20191217-2-scan-80,20191217,mtrek1,2,scan-80,6,40,0.63,0.04,316,6.374,40,21.47,0.2704,-0.191665213,-0.190787391,150.6413562,654.56,238.2598845,650.165,214.5726984,749.925,183.5683536,432.7189483,-30.33530807,10.72159725,4.395,83.94329433,4963,225.2127362,175.45368,0.967,1.034126163,9.00E-11,-3.582829135,3.705097347
70,20191217-4-scan-80,20191217,mtrek1,4,scan-80,7,40,0.63,0.04,315,6.627,50,21.35,0.1503,-0.192589082,-0.190387753,866.3014768,658.32,121.975218,649.965,124.1405211,749.645,116.0000251,2389.866525,37.573774,24.11559676,8.355,158.1517578,3970,23.94351705,30.72553232,8.457,0.118245241,9.00E-11,-3.582865102,0.423656746
71,20191217-5-scan-80,20191217,mtrek1,5,scan-80,4,40,0.63,0.04,314,7.369,50,19.29,0.1789,-0.194062277,-0.192223592,542.8171471,658.16,98.59456324,649.165,115.8175434,747.805,107.2283195,2125.553044,12.26101564,22.92022729,8.995,126.8621521,4410,46.02356212,51.95278056,4.95,0.202020202,9.00E-11,-3.582699877,0.723777753
72,20191017-4-scan-80,20191017,osca12,4,scan-80,9,40,4.88,0.5,327,9.8,40,22.34,0.111216311,-79.99620684,-79.99568468,127.4437875,652.52,367.728242,649.805,480.5615978,750.085,472.3633625,-719.2848442,-2.118529755,6.28488144,2.715,33.54293695,4924,337.9796977,433.4531336,0.55,1.818181818,,,
73,20191017-5-scan-80,20191017,osca12,5,scan-80,23,40,4.88,0.5,326,4.7,45,23.58,0.215228102,-79.99469624,-79.99422104,44.74476973,819.12,575.190395,650.205,533.209838,740.005,511.9397958,-371.6740311,3.906574885,8.070257769,168.915,44.25786373,9227,52.35955244,309.3581833,-0.007,-142.8571429,,,
74,20191120-2-scan-80,20191120,osca12,2,scan-80,8,40,4.48,0.26,351,8.541,50,13.38,0.448863923,-80.00961475,-80.00855237,457.29735,670.8,424.1252607,650.165,288.5361079,711.685,277.6966531,-178.2491543,-6.123145649,7.640053876,20.635,44.32341503,4841,236.1080375,211.399841,5.026,0.19896538,,,
75,20191120-3-scan-80,20191120,osca12,3,scan-80,6,40,4.48,0.26,331,8.668,50,15.72,2.008989954,-80.0077046,-80.00598986,540.223058,652.16,522.9506131,650.205,410.0968838,742.845,386.6933704,-39.82484056,-5.128162807,4.196646163,1.955,26.11139362,4828,347.8760766,284.7672301,4.523,0.221092195,,,
76,20191218-4-scan-80,20191218,osca12,4,scan-80,17,40,0.73,0.04,318,6.246,50,20.86,5.524678649,-80.02050079,-80.01864527,23.4523518,530.96,564.4242976,650.365,352.7330779,713.965,314.3548065,-14.484191,-1.852627299,3.65895111,-119.405,20.14738285,2023,3.423544361,1.918133956,-0.012,-83.33333333,,,
77,20191218-5-scan-80,20191218,osca12,5,scan-80,18,40,0.73,0.04,314,10.87,50,18.93,3.76761992,-80.02073806,-80.01816073,36.32198105,804,540.6618031,650.605,382.6249544,742.845,328.6141537,-21.23906863,-1.843932455,2.981542193,153.395,16.75164342,8830,-18.28548337,358.5423948,0.039,25.64102564,,,
78,20191218-6-scan-80,20191218,osca12,6,scan-80,3,40,0.73,0.04,310,112.8,50,18.45,0.210383181,-80.01951458,-80.01793593,57.20017614,648.6,189.4221448,650.285,175.2815097,743.005,164.2589408,-380.3512912,-21.4910957,10.71399271,-1.685,75.06105926,0,,,0.16,6.25,,,
79,20200122-5-scan-80,20200122,pkd2l1,5,scan-80,4,40,9.52,0.57,0,7.244,35,25.31,0.435847338,-80.00303568,-80.00133678,115.185003,663.28,1058.731507,650.045,899.7272727,786.525,801.6976352,-183.5574722,-1.042090337,4.27804598,13.235,22.43232023,4857,678.6543915,646.1031168,0.392,2.551020408,,,
80,20200122-6-scan-80,20200122,pkd2l1,6,scan-80,7,40,9.52,0.57,0,5.555,50,20.14,0.938450149,-79.99691845,-79.9944833,383.6195179,656.88,1318.042441,650.005,1465.702517,746.805,1386.619944,-85.24365256,4.333322351,3.656705134,6.875,22.61684802,4474,637.5427906,631.8220772,0.622,1.607717042,,,
81,20191017-1-scan-80,20191017,tmem63a,1,scan-80,6,40,4.88,0.5,327,7.59,40,19.74,0.285953353,-79.99231167,-79.99067694,38.43260408,869.08,311.807621,650.085,373.0422537,700.365,367.9409171,-279.7390234,8.461490252,6.599965091,218.995,41.46131571,0,,,-0.001,-1000,,,
82,20191017-6-scan-80,20191017,tmem63a,6,scan-80,35,40,4.88,0.5,0,6.2,40,21.85,0.306046964,-79.99925288,-79.99838212,81.65851396,472.48,615.2132154,649.845,623.2890439,746.365,591.550266,-261.3953491,-11.72096666,14.3932466,-177.365,83.68719966,0,,,0.01,100,,,
83,20191119-4-scan-80,20191119,tmem63a,4,scan-80,8,40,7.01,0.41,330,10.77,40,14.11,0.235771443,-80.00576956,-80.00434642,362.7711848,662.32,563.0163738,650.205,588.559421,742.005,578.4859739,-339.3361319,20.76942365,8.097304411,12.115,61.2559457,4955,510.2631414,546.1657178,2.239,0.446627959,,,
84,20191119-6-scan-80,20191119,tmem63a,6,scan-80,30,40,7.01,0.41,329,6.409,45,20.17,0.615918172,-80.00639381,-80.00543787,155.7825202,688.2,1688.255216,650.485,1218.419994,746.045,1090.257789,-129.8977648,-2.17999022,8.343922079,37.715,43.89960061,4984,1608.013666,1069.891185,0.853,1.172332943,,,
85,20191119-11-scan-80,20191119,tmem63a,11,scan-80,18,40,7.01,0.41,347,6.841,5,23.43,0.411377385,-80.00952723,-80.006854,237.6222967,681.44,1663.633446,650.205,1069.91622,730.405,986.1043824,-194.4917978,2.363598016,4.138286963,31.235,23.05503283,4896,1361.545018,804.7765805,0.325,3.076923077,,,
86,20201120-4-scan-80,20191120,tmem63a,4,scan-80,3,40,4.48,0.26,336,7.973,50,13.49,4.51539132,-80.00603183,-80.00465862,300.3359559,685.4,245.4322062,650.325,269.9478665,749.005,264.9960483,-17.71851566,1.498800702,3.458477046,35.075,18.79118593,4756,139.0616992,196.7230104,2.567,0.389559797,,,
87,20191007-2-scan-80,20191007,tmem63b,2,scan-80,9,40,3.92,0.5,325,8,50,21.35,1.131047492,-80.01153727,-80.00944399,37.63117521,451.64,881.9466677,650.165,845.0088229,817.085,699.9028344,-70.74109429,-17.3734407,7.704758656,-198.525,55.89723398,0,,,0.028,35.71428571,,,
88,20191008-3-scan-80,20191008,tmem63b,3,scan-80,9,40,5.25,0.5,323,10,40,25.66,0.448635763,-80.00372229,-80.00114947,25.26803624,785.4,1186.225437,649.965,1610.448254,741.365,1507.368455,-178.3266714,4.025310692,5.345881963,135.435,30.75472051,0,,,-0.001,-1000,,,
89,20191008-4-scan-80,20191008,tmem63b,4,scan-80,7,40,5.25,0.5,321,8,40,21.14,0.180906128,-79.99890331,-79.99739055,33.08828479,462.68,1314.152756,650.325,1276.537526,719.125,1160.850863,-442.2122364,-3.454484835,7.097268757,-187.645,38.94082862,0,,,0.01,100,,,
90,20191216-2-scan-80,20191216,trpa1,2,scan-80,7,40,7.62,0.44,326,13.82,20,22.99,0.825681135,-80.02226101,-80.01976167,161.014346,683.6,866.5855294,650.325,858.5889752,747.805,816.855213,-96.91666389,-15.07696523,7.325570289,33.275,51.70481667,4931,801.960149,735.4346183,0.665,1.503759398,,,
91,20191216-3-scan-80,20191216,trpa1,3,scan-80,12,40,7.62,0.44,334,5.877,40,29.59,1.515029845,-80.02367176,-80.02198459,38.94521434,816.04,870.9570636,650.005,779.1317419,743.045,739.3903297,-52.8198649,2.500490004,6.911521538,166.035,37.05809769,9149,55.01980905,593.7931221,-0.019,-52.63157895,,,
92,20191216-6-scan-80,20191216,trpa1,6,scan-80,6,40,7.62,0.44,329,6.618,50,17.03,1.605264445,-80.02580651,-80.02396265,213.3912697,658.52,868.0265408,650.005,558.5613949,796.125,495.7646095,-49.85210178,8.211365078,6.877317823,8.515,42.59795419,4950,716.460798,452.3167701,0.986,1.014198783,,,
93,20191216-7-scan-80,20191216,trpa1,7,scan-80,12,40,7.62,0.44,329,7.21,50,27.25,0.798196951,-80.02574409,-80.0239277,128.2360944,667.48,1114.172268,650.005,759.030945,697.525,699.6241104,-100.258143,3.725504833,5.39361707,17.475,30.69359018,4922,897.98145,604.0856827,0.339,2.949852507,,,
94,20191204-4-scan-80,20191204,trpv4,4,scan-80,12,40,8.42,0.5,324,4.71,60,22.85,3.408041588,-80.01158716,-80.0086598,21.45907523,548,1054.174155,650.205,628.5782631,737.805,576.1943797,-23.4772919,0.705184242,4.109766332,-102.205,21.2540159,2449,17.19733069,14.86635277,-0.004,-250,,,
95,20191008-2-scan-80,20191008,yfp,2,scan-80,7,40,5.25,0.5,326,5.5,55,24.31,1.010454397,-79.99053892,-79.98979018,22.97685458,752.84,414.4000816,649.805,549.2794881,747.845,538.3920708,-79.16293814,0.0487257,5.57771521,103.035,27.93730175,0,,,0,#DIV/0!,,,
96,20191008-5-scan-80,20191008,yfp,5,scan-80,11,40,5.25,0.5,322,6,55,36.06,0.667413572,-80.00383456,-80.00200117,236.6820559,659.72,1240.791698,650.285,1074.481869,747.245,961.736101,-119.871453,5.604599707,7.737294282,9.435,44.29107112,4974,1178.93255,927.5481815,1.966,0.508646999,,,
97,20191216-4-scan-80,20191216,yfp,4,scan-80,9,40,7.62,0.44,325,8.182,50,20.14,3.368538363,-80.02349702,-80.02239167,106.1155762,658.6,809.7565479,649.805,698.8381391,746.005,656.3296594,-23.75614834,3.041992344,4.945972578,8.795,27.77185524,4936,719.9839084,590.9420731,3.49,0.286532951,,,
98,20191216-5-scan-80,20191216,yfp,5,scan-80,14,40,7.62,0.44,325,7.973,40,28.66,0.405506164,-80.02325983,-80.02260397,164.8367097,694.52,1086.770745,650.165,904.849127,795.885,774.2811374,-197.3416609,-3.751091036,7.792712314,44.355,42.71465261,5004,1086.770745,774.2811374,0.036,27.77777778,,,
99,20200120-7-scan-80,20200120,yfp,7,scan-80,16,40,7.59,0.42,337,8.284,65,28.89,2.031508413,-80.0185283,-80.01669211,25.32658048,793.08,528.6458586,650.045,1042.335502,861.485,469.6715653,-39.38872603,4.126725363,4.71045551,143.035,27.67900291,0,,,0.009,111.1111111,,,
100,20200120-9-scan-80,20200120,yfp,9,scan-80,1,40,7.59,0.42,318,5.409,65,24.25,1.755567433,-80.0190152,-80.015241,27.83059148,794.52,586.3234135,649.965,623.7842681,803.645,450.9052288,-45.58014331,1.388711471,5.188764709,144.555,27.33253501,8612,-20.75348233,620.2727845,-0.007,-142.8571429,,,
